trial_id,aoi_type,n_fixations,first_pass_duration,total_duration,go_past_duration,regressions_in,subject,RN,AN,Code,confusion,correctness_rn,correctness_an,exposure_use,exposure_percept,form,anaphor,match
0,rn,4,235,730,11243,0,subject-1,Krankenschwestern,Frauen,C4,False,correct,wrong,2.0,3.5,fem,F,match
0,an,3,194,877,194,0,subject-1,Krankenschwestern,Frauen,C4,False,correct,wrong,2.0,3.5,fem,F,match
0,spill,1,168,168,168,0,subject-1,Krankenschwestern,Frauen,C4,False,correct,wrong,2.0,3.5,fem,F,match
1,rn,0,0,0,0,0,subject-1,Pfleger,Frauen,C2,False,correct,wrong,2.0,3.5,masc,F,mismatch
1,an,3,160,548,160,1,subject-1,Pfleger,Frauen,C2,False,correct,wrong,2.0,3.5,masc,F,mismatch
1,spill,1,154,154,154,0,subject-1,Pfleger,Frauen,C2,False,correct,wrong,2.0,3.5,masc,F,mismatch
2,rn,1,355,355,355,0,subject-1,Experten,Frauen,C2,False,correct,wrong,2.0,3.5,masc,F,mismatch
2,an,1,416,416,416,0,subject-1,Experten,Frauen,C2,False,correct,wrong,2.0,3.5,masc,F,mismatch
2,spill,2,288,469,1273,0,subject-1,Experten,Frauen,C2,False,correct,wrong,2.0,3.5,masc,F,mismatch
3,rn,2,315,563,315,1,subject-1,Einwohner,Frauen,C2,False,correct,correct,2.0,3.5,masc,F,mismatch
3,an,0,0,0,0,0,subject-1,Einwohner,Frauen,C2,False,correct,correct,2.0,3.5,masc,F,mismatch
3,spill,0,0,0,0,0,subject-1,Einwohner,Frauen,C2,False,correct,correct,2.0,3.5,masc,F,mismatch
4,rn,5,247,1158,247,2,subject-1,Arbeitnehmer*innen,Männer,C5,False,wrong,correct,2.0,3.5,star,M,star
4,an,2,221,462,623,1,subject-1,Arbeitnehmer*innen,Männer,C5,False,wrong,correct,2.0,3.5,star,M,star
4,spill,3,228,610,1400,0,subject-1,Arbeitnehmer*innen,Männer,C5,False,wrong,correct,2.0,3.5,star,M,star
5,rn,2,181,362,181,0,subject-1,Polizist*innen,Frauen,C6,False,wrong_gender,correct,2.0,3.5,star,F,star
5,an,2,194,408,428,0,subject-1,Polizist*innen,Frauen,C6,False,wrong_gender,correct,2.0,3.5,star,F,star
5,spill,1,201,201,201,0,subject-1,Polizist*innen,Frauen,C6,False,wrong_gender,correct,2.0,3.5,star,F,star
6,rn,7,415,1895,676,3,subject-1,Unternehmerinnen,Frauen,C4,False,wrong,correct,2.0,3.5,fem,F,match
6,an,1,208,208,208,0,subject-1,Unternehmerinnen,Frauen,C4,False,wrong,correct,2.0,3.5,fem,F,match
6,spill,0,0,0,0,0,subject-1,Unternehmerinnen,Frauen,C4,False,wrong,correct,2.0,3.5,fem,F,match
7,rn,5,155,1218,677,2,subject-1,Ingenieur*innen,Männer,C5,False,wrong_gender,correct,2.0,3.5,star,M,star
7,an,2,187,509,187,0,subject-1,Ingenieur*innen,Männer,C5,False,wrong_gender,correct,2.0,3.5,star,M,star
7,spill,0,0,0,0,0,subject-1,Ingenieur*innen,Männer,C5,False,wrong_gender,correct,2.0,3.5,star,M,star
8,rn,4,134,1086,382,2,subject-1,Einwohner,Männern,C1,True,correct,correct,2.0,3.5,masc,M,match
8,an,3,175,577,175,1,subject-1,Einwohner,Männern,C1,True,correct,correct,2.0,3.5,masc,M,match
8,spill,2,167,361,167,1,subject-1,Einwohner,Männern,C1,True,correct,correct,2.0,3.5,masc,M,match
9,rn,2,234,448,234,1,subject-1,Experten,Männer,C1,False,wrong,wrong,2.0,3.5,masc,M,match
9,an,1,174,174,174,0,subject-1,Experten,Männer,C1,False,wrong,wrong,2.0,3.5,masc,M,match
9,spill,0,0,0,0,0,subject-1,Experten,Männer,C1,False,wrong,wrong,2.0,3.5,masc,M,match
10,rn,4,288,903,515,0,subject-1,Aktivist*innen,Männer,C5,False,wrong,correct,2.0,3.5,star,M,star
10,an,2,382,569,1802,0,subject-1,Aktivist*innen,Männer,C5,False,wrong,correct,2.0,3.5,star,M,star
10,spill,0,0,0,0,0,subject-1,Aktivist*innen,Männer,C5,False,wrong,correct,2.0,3.5,star,M,star
11,rn,5,261,770,12962,0,subject-1,Dozentinnen,Männer,C3,False,wrong,correct,2.0,3.5,fem,M,mismatch
11,an,2,154,355,154,0,subject-1,Dozentinnen,Männer,C3,False,wrong,correct,2.0,3.5,fem,M,mismatch
11,spill,0,0,0,0,0,subject-1,Dozentinnen,Männer,C3,False,wrong,correct,2.0,3.5,fem,M,mismatch
12,rn,5,174,878,15667,0,subject-1,Professorinnen,Männer,C3,False,wrong,correct,2.0,3.5,fem,M,mismatch
12,an,3,188,650,188,0,subject-1,Professorinnen,Männer,C3,False,wrong,correct,2.0,3.5,fem,M,mismatch
12,spill,0,0,0,0,0,subject-1,Professorinnen,Männer,C3,False,wrong,correct,2.0,3.5,fem,M,mismatch
13,rn,4,676,1418,1029,0,subject-1,Lehrer*innen,Frauen,C6,False,correct,correct,2.0,3.5,star,F,star
13,an,1,201,201,201,0,subject-1,Lehrer*innen,Frauen,C6,False,correct,correct,2.0,3.5,star,F,star
13,spill,1,161,161,972,0,subject-1,Lehrer*innen,Frauen,C6,False,correct,correct,2.0,3.5,star,F,star
14,rn,2,221,415,221,0,subject-1,Studenten,Männer,C1,False,correct,correct,2.0,3.5,masc,M,match
14,an,1,181,181,181,0,subject-1,Studenten,Männer,C1,False,correct,correct,2.0,3.5,masc,M,match
14,spill,0,0,0,0,0,subject-1,Studenten,Männer,C1,False,correct,correct,2.0,3.5,masc,M,match
15,rn,10,355,2209,912,4,subject-1,Arbeitnehmer*innen,Frauen,C6,True,wrong,correct,2.0,3.5,star,F,star
15,an,0,0,0,0,0,subject-1,Arbeitnehmer*innen,Frauen,C6,True,wrong,correct,2.0,3.5,star,F,star
15,spill,2,181,463,181,0,subject-1,Arbeitnehmer*innen,Frauen,C6,True,wrong,correct,2.0,3.5,star,F,star
16,rn,3,114,488,114,1,subject-1,Expertinnen,Frauen,C4,False,correct,correct,2.0,3.5,fem,F,match
16,an,0,0,0,0,0,subject-1,Expertinnen,Frauen,C4,False,correct,correct,2.0,3.5,fem,F,match
16,spill,1,180,180,180,0,subject-1,Expertinnen,Frauen,C4,False,correct,correct,2.0,3.5,fem,F,match
17,rn,5,221,1060,221,2,subject-1,Ingenieurinnen,Männer,C3,False,wrong,wrong,2.0,3.5,fem,M,mismatch
17,an,2,160,340,507,0,subject-1,Ingenieurinnen,Männer,C3,False,wrong,wrong,2.0,3.5,fem,M,mismatch
17,spill,2,167,341,167,0,subject-1,Ingenieurinnen,Männer,C3,False,wrong,wrong,2.0,3.5,fem,M,mismatch
0,rn,6,187,1285,1285,0,subject-2,Aktivist*innen,Frauen,C6,True,correct,wrong,2.0,3.5,star,F,star
0,an,1,181,181,181,0,subject-2,Aktivist*innen,Frauen,C6,True,correct,wrong,2.0,3.5,star,F,star
0,spill,2,241,469,241,1,subject-2,Aktivist*innen,Frauen,C6,True,correct,wrong,2.0,3.5,star,F,star
1,rn,2,235,510,15110,0,subject-2,Arbeitnehmer,Männer,C1,False,wrong,wrong,2.0,3.5,masc,M,match
1,an,3,161,650,845,0,subject-2,Arbeitnehmer,Männer,C1,False,wrong,wrong,2.0,3.5,masc,M,match
1,spill,1,469,469,469,0,subject-2,Arbeitnehmer,Männer,C1,False,wrong,wrong,2.0,3.5,masc,M,match
2,rn,6,241,1212,241,2,subject-2,Polizisten,Männer,C1,True,wrong,wrong,2.0,3.5,masc,M,match
2,an,1,268,268,268,0,subject-2,Polizisten,Männer,C1,True,wrong,wrong,2.0,3.5,masc,M,match
2,spill,2,188,349,188,0,subject-2,Polizisten,Männer,C1,True,wrong,wrong,2.0,3.5,masc,M,match
3,rn,9,248,2043,248,5,subject-2,Experten,Frauen,C2,True,wrong,correct,2.0,3.5,masc,F,mismatch
3,an,3,154,582,154,0,subject-2,Experten,Frauen,C2,True,wrong,correct,2.0,3.5,masc,F,mismatch
3,spill,3,207,1204,207,0,subject-2,Experten,Frauen,C2,True,wrong,correct,2.0,3.5,masc,F,mismatch
4,rn,12,335,3636,603,7,subject-2,Ingenieurinnen,Frauen,C4,True,correct,wrong,2.0,3.5,fem,F,match
4,an,6,275,1372,275,1,subject-2,Ingenieurinnen,Frauen,C4,True,correct,wrong,2.0,3.5,fem,F,match
4,spill,7,295,1707,295,1,subject-2,Ingenieurinnen,Frauen,C4,True,correct,wrong,2.0,3.5,fem,F,match
5,rn,10,288,2759,288,6,subject-2,Einwohner,Frauen,C2,True,correct,wrong,2.0,3.5,masc,F,mismatch
5,an,2,175,336,175,0,subject-2,Einwohner,Frauen,C2,True,correct,wrong,2.0,3.5,masc,F,mismatch
5,spill,3,281,757,281,0,subject-2,Einwohner,Frauen,C2,True,correct,wrong,2.0,3.5,masc,F,mismatch
6,rn,7,368,1715,656,4,subject-2,Pflegerinnen,Männer,C3,False,wrong,wrong,2.0,3.5,fem,M,mismatch
6,an,2,154,275,154,1,subject-2,Pflegerinnen,Männer,C3,False,wrong,wrong,2.0,3.5,fem,M,mismatch
6,spill,1,268,268,268,0,subject-2,Pflegerinnen,Männer,C3,False,wrong,wrong,2.0,3.5,fem,M,mismatch
7,rn,2,128,470,15696,0,subject-2,Dozentinnen,Frauen,C4,True,correct,wrong,2.0,3.5,fem,F,match
7,an,1,174,174,174,0,subject-2,Dozentinnen,Frauen,C4,True,correct,wrong,2.0,3.5,fem,F,match
7,spill,1,334,334,334,0,subject-2,Dozentinnen,Frauen,C4,True,correct,wrong,2.0,3.5,fem,F,match
8,rn,6,422,1367,690,2,subject-2,Ingenieur*innen,Frauen,C6,False,wrong,wrong,2.0,3.5,star,F,star
8,an,3,268,884,268,0,subject-2,Ingenieur*innen,Frauen,C6,False,wrong,wrong,2.0,3.5,star,F,star
8,spill,2,214,475,214,0,subject-2,Ingenieur*innen,Frauen,C6,False,wrong,wrong,2.0,3.5,star,F,star
9,rn,7,208,2027,409,2,subject-2,Einwohnerinnen,Männer,C3,True,wrong,wrong,2.0,3.5,fem,M,mismatch
9,an,1,174,174,174,0,subject-2,Einwohnerinnen,Männer,C3,True,wrong,wrong,2.0,3.5,fem,M,mismatch
9,spill,1,261,261,261,0,subject-2,Einwohnerinnen,Männer,C3,True,wrong,wrong,2.0,3.5,fem,M,mismatch
10,rn,11,147,2264,677,3,subject-2,Unternehmer*innen,Männer,C5,True,wrong,wrong,2.0,3.5,star,M,star
10,an,2,181,348,181,0,subject-2,Unternehmer*innen,Männer,C5,True,wrong,wrong,2.0,3.5,star,M,star
10,spill,3,228,737,228,1,subject-2,Unternehmer*innen,Männer,C5,True,wrong,wrong,2.0,3.5,star,M,star
11,rn,5,248,971,389,2,subject-2,Expert*innen,Männern,C5,True,wrong,wrong,2.0,3.5,star,M,star
11,an,1,281,281,281,0,subject-2,Expert*innen,Männern,C5,True,wrong,wrong,2.0,3.5,star,M,star
11,spill,4,288,978,1018,0,subject-2,Expert*innen,Männern,C5,True,wrong,wrong,2.0,3.5,star,M,star
12,rn,17,221,4939,1179,9,subject-2,Krankenpfleger*innen,Männer,C5,False,wrong,wrong,2.0,3.5,star,M,star
12,an,0,0,0,0,0,subject-2,Krankenpfleger*innen,Männer,C5,False,wrong,wrong,2.0,3.5,star,M,star
12,spill,2,175,336,336,0,subject-2,Krankenpfleger*innen,Männer,C5,False,wrong,wrong,2.0,3.5,star,M,star
13,rn,2,328,576,328,1,subject-2,Studenten,Frauen,C2,False,wrong,wrong,2.0,3.5,masc,F,mismatch
13,an,1,503,503,503,0,subject-2,Studenten,Frauen,C2,False,wrong,wrong,2.0,3.5,masc,F,mismatch
13,spill,1,482,482,482,0,subject-2,Studenten,Frauen,C2,False,wrong,wrong,2.0,3.5,masc,F,mismatch
14,rn,4,241,823,22471,0,subject-2,Professorinnen,Frauen,C4,False,wrong,correct,2.0,3.5,fem,F,match
14,an,3,254,729,254,1,subject-2,Professorinnen,Frauen,C4,False,wrong,correct,2.0,3.5,fem,F,match
14,spill,4,268,992,268,1,subject-2,Professorinnen,Frauen,C4,False,wrong,correct,2.0,3.5,fem,F,match
15,rn,3,248,501,248,0,subject-2,Lehrer,Männer,C1,False,wrong,wrong,2.0,3.5,masc,M,match
15,an,1,161,161,161,0,subject-2,Lehrer,Männer,C1,False,wrong,wrong,2.0,3.5,masc,M,match
15,spill,1,241,241,241,0,subject-2,Lehrer,Männer,C1,False,wrong,wrong,2.0,3.5,masc,M,match
16,rn,11,421,2577,870,5,subject-2,Expertinnen,Männer,C3,True,wrong,wrong,2.0,3.5,fem,M,mismatch
16,an,2,107,200,107,0,subject-2,Expertinnen,Männer,C3,True,wrong,wrong,2.0,3.5,fem,M,mismatch
16,spill,5,188,1145,409,0,subject-2,Expertinnen,Männer,C3,True,wrong,wrong,2.0,3.5,fem,M,mismatch
17,rn,6,175,1790,597,2,subject-2,Arbeitnehmer*innen,Frauen,C6,False,wrong_gender,wrong,2.0,3.5,star,F,star
17,an,0,0,0,0,0,subject-2,Arbeitnehmer*innen,Frauen,C6,False,wrong_gender,wrong,2.0,3.5,star,F,star
17,spill,1,187,187,187,0,subject-2,Arbeitnehmer*innen,Frauen,C6,False,wrong_gender,wrong,2.0,3.5,star,F,star
0,rn,2,241,415,415,0,subject-3,Arbeitnehmer,Männer,C1,False,wrong,wrong,4.5,3.5,masc,M,match
0,an,1,121,121,121,0,subject-3,Arbeitnehmer,Männer,C1,False,wrong,wrong,4.5,3.5,masc,M,match
0,spill,1,234,234,234,0,subject-3,Arbeitnehmer,Männer,C1,False,wrong,wrong,4.5,3.5,masc,M,match
1,rn,8,388,1984,3909,0,subject-3,Ingenieure,Männer,C1,False,wrong,correct,4.5,3.5,masc,M,match
1,an,2,201,428,201,0,subject-3,Ingenieure,Männer,C1,False,wrong,correct,4.5,3.5,masc,M,match
1,spill,4,154,675,154,1,subject-3,Ingenieure,Männer,C1,False,wrong,correct,4.5,3.5,masc,M,match
2,rn,14,241,2846,509,5,subject-3,Einwohnerinnen,Frauen,C4,False,wrong,wrong,4.5,3.5,fem,F,match
2,an,8,221,1579,221,3,subject-3,Einwohnerinnen,Frauen,C4,False,wrong,wrong,4.5,3.5,fem,F,match
2,spill,7,201,1473,201,1,subject-3,Einwohnerinnen,Frauen,C4,False,wrong,wrong,4.5,3.5,fem,F,match
3,rn,4,382,932,20308,0,subject-3,Arbeitnehmer,Frauen,C2,False,wrong,correct,4.5,3.5,masc,F,mismatch
3,an,2,201,335,201,0,subject-3,Arbeitnehmer,Frauen,C2,False,wrong,correct,4.5,3.5,masc,F,mismatch
3,spill,3,697,1340,697,1,subject-3,Arbeitnehmer,Frauen,C2,False,wrong,correct,4.5,3.5,masc,F,mismatch
4,rn,7,335,1466,602,2,subject-3,Pflegerinnen,Frauen,C4,True,correct,wrong,4.5,3.5,fem,F,match
4,an,2,141,382,141,1,subject-3,Pflegerinnen,Frauen,C4,True,correct,wrong,4.5,3.5,fem,F,match
4,spill,2,135,443,135,0,subject-3,Pflegerinnen,Frauen,C4,True,correct,wrong,4.5,3.5,fem,F,match
5,rn,16,234,3039,234,3,subject-3,Studentinnen,Männer,C3,False,correct,correct,4.5,3.5,fem,M,mismatch
5,an,5,168,1052,168,2,subject-3,Studentinnen,Männer,C3,False,correct,correct,4.5,3.5,fem,M,mismatch
5,spill,1,127,127,1801,0,subject-3,Studentinnen,Männer,C3,False,correct,correct,4.5,3.5,fem,M,mismatch
6,rn,5,248,1025,643,1,subject-3,Lehrer,Frauen,C2,False,correct,correct,4.5,3.5,masc,F,mismatch
6,an,1,221,221,543,0,subject-3,Lehrer,Frauen,C2,False,correct,correct,4.5,3.5,masc,F,mismatch
6,spill,3,221,704,221,1,subject-3,Lehrer,Frauen,C2,False,correct,correct,4.5,3.5,masc,F,mismatch
7,rn,14,281,4005,482,6,subject-3,Expertinnen,Frauen,C4,False,correct,correct,4.5,3.5,fem,F,match
7,an,3,154,442,154,1,subject-3,Expertinnen,Frauen,C4,False,correct,correct,4.5,3.5,fem,F,match
7,spill,3,160,501,160,0,subject-3,Expertinnen,Frauen,C4,False,correct,correct,4.5,3.5,fem,F,match
8,rn,20,254,4400,254,7,subject-3,Krankenpfleger*innen,Frauen,C6,False,correct,correct,4.5,3.5,star,F,star
8,an,2,167,267,434,0,subject-3,Krankenpfleger*innen,Frauen,C6,False,correct,correct,4.5,3.5,star,F,star
8,spill,2,382,563,382,1,subject-3,Krankenpfleger*innen,Frauen,C6,False,correct,correct,4.5,3.5,star,F,star
9,rn,8,127,1212,837,3,subject-3,Expert*innen,Frauen,C6,False,correct,correct,4.5,3.5,star,F,star
9,an,0,0,0,0,0,subject-3,Expert*innen,Frauen,C6,False,correct,correct,4.5,3.5,star,F,star
9,spill,2,175,389,175,1,subject-3,Expert*innen,Frauen,C6,False,correct,correct,4.5,3.5,star,F,star
10,rn,11,207,2862,33179,1,subject-3,Professor*innen,Männer,C5,False,correct,correct,4.5,3.5,star,M,star
10,an,6,167,1039,167,2,subject-3,Professor*innen,Männer,C5,False,correct,correct,4.5,3.5,star,M,star
10,spill,4,154,703,154,0,subject-3,Professor*innen,Männer,C5,False,correct,correct,4.5,3.5,star,M,star
11,rn,7,288,1828,288,4,subject-3,Expertinnen,Männer,C3,False,wrong,correct,4.5,3.5,fem,M,mismatch
11,an,7,234,1352,234,2,subject-3,Expertinnen,Männer,C3,False,wrong,correct,4.5,3.5,fem,M,mismatch
11,spill,3,241,923,241,1,subject-3,Expertinnen,Männer,C3,False,wrong,correct,4.5,3.5,fem,M,mismatch
12,rn,7,482,1762,650,0,subject-3,Aktivisten,Männer,C1,False,wrong,correct,4.5,3.5,masc,M,match
12,an,3,160,489,160,1,subject-3,Aktivisten,Männer,C1,False,wrong,correct,4.5,3.5,masc,M,match
12,spill,2,187,348,509,0,subject-3,Aktivisten,Männer,C1,False,wrong,correct,4.5,3.5,masc,M,match
13,rn,13,127,2844,795,3,subject-3,Unternehmer*innen,Frauen,C6,False,wrong_gender,correct,4.5,3.5,star,F,star
13,an,1,133,133,133,0,subject-3,Unternehmer*innen,Frauen,C6,False,wrong_gender,correct,4.5,3.5,star,F,star
13,spill,1,281,281,663,0,subject-3,Unternehmer*innen,Frauen,C6,False,wrong_gender,correct,4.5,3.5,star,F,star
14,rn,7,135,1348,14685,0,subject-3,Dozent*innen,Männer,C5,False,correct,correct,4.5,3.5,star,M,star
14,an,2,315,496,489,1,subject-3,Dozent*innen,Männer,C5,False,correct,correct,4.5,3.5,star,M,star
14,spill,2,188,335,188,1,subject-3,Dozent*innen,Männer,C5,False,correct,correct,4.5,3.5,star,M,star
15,rn,15,134,3584,416,8,subject-3,Einwohnerinnen,Männern,C3,True,wrong,correct,4.5,3.5,fem,M,mismatch
15,an,2,295,436,295,1,subject-3,Einwohnerinnen,Männern,C3,True,wrong,correct,4.5,3.5,fem,M,mismatch
15,spill,2,207,522,207,1,subject-3,Einwohnerinnen,Männern,C3,True,wrong,correct,4.5,3.5,fem,M,mismatch
16,rn,5,228,1581,408,0,subject-3,Polizisten,Frauen,C2,False,wrong_gender,correct,4.5,3.5,masc,F,mismatch
16,an,2,161,349,161,1,subject-3,Polizisten,Frauen,C2,False,wrong_gender,correct,4.5,3.5,masc,F,mismatch
16,spill,0,0,0,0,0,subject-3,Polizisten,Frauen,C2,False,wrong_gender,correct,4.5,3.5,masc,F,mismatch
17,rn,21,141,6082,657,5,subject-3,Ingenieur*innen,Männer,C5,False,correct,correct,4.5,3.5,star,M,star
17,an,1,181,181,181,0,subject-3,Ingenieur*innen,Männer,C5,False,correct,correct,4.5,3.5,star,M,star
17,spill,1,174,174,174,0,subject-3,Ingenieur*innen,Männer,C5,False,correct,correct,4.5,3.5,star,M,star
0,rn,2,208,408,449,0,subject-4,Einwohner*innen,Männer,C5,True,wrong,wrong,2.5,5.0,star,M,star
0,an,1,168,168,168,0,subject-4,Einwohner*innen,Männer,C5,True,wrong,wrong,2.5,5.0,star,M,star
0,spill,1,215,215,215,0,subject-4,Einwohner*innen,Männer,C5,True,wrong,wrong,2.5,5.0,star,M,star
1,rn,5,315,1105,315,3,subject-4,Expertinnen,Frauen,C4,False,wrong,wrong,2.5,5.0,fem,F,match
1,an,3,194,736,194,0,subject-4,Expertinnen,Frauen,C4,False,wrong,wrong,2.5,5.0,fem,F,match
1,spill,1,227,227,227,0,subject-4,Expertinnen,Frauen,C4,False,wrong,wrong,2.5,5.0,fem,F,match
2,rn,6,102,952,270,3,subject-4,Einwohnerinnen,Frauen,C4,False,wrong,correct,2.5,5.0,fem,F,match
2,an,1,168,168,168,0,subject-4,Einwohnerinnen,Frauen,C4,False,wrong,correct,2.5,5.0,fem,F,match
2,spill,2,281,469,281,0,subject-4,Einwohnerinnen,Frauen,C4,False,wrong,correct,2.5,5.0,fem,F,match
3,rn,4,241,708,241,2,subject-4,Unternehmer,Männer,C1,False,wrong,correct,2.5,5.0,masc,M,match
3,an,0,0,0,0,0,subject-4,Unternehmer,Männer,C1,False,wrong,correct,2.5,5.0,masc,M,match
3,spill,1,281,281,281,0,subject-4,Unternehmer,Männer,C1,False,wrong,correct,2.5,5.0,masc,M,match
4,rn,2,356,529,356,0,subject-4,Lehrerinnen,Männer,C3,False,wrong,correct,2.5,5.0,fem,M,mismatch
4,an,0,0,0,0,0,subject-4,Lehrerinnen,Männer,C3,False,wrong,correct,2.5,5.0,fem,M,mismatch
4,spill,2,315,543,543,0,subject-4,Lehrerinnen,Männer,C3,False,wrong,correct,2.5,5.0,fem,M,mismatch
5,rn,2,194,369,369,0,subject-4,Polizistinnen,Männer,C3,False,wrong,correct,2.5,5.0,fem,M,mismatch
5,an,1,154,154,690,0,subject-4,Polizistinnen,Männer,C3,False,wrong,correct,2.5,5.0,fem,M,mismatch
5,spill,2,154,335,335,0,subject-4,Polizistinnen,Männer,C3,False,wrong,correct,2.5,5.0,fem,M,mismatch
6,rn,1,241,241,241,0,subject-4,Aktivisten,Frauen,C2,False,wrong,wrong,2.5,5.0,masc,F,mismatch
6,an,1,208,208,208,0,subject-4,Aktivisten,Frauen,C2,False,wrong,wrong,2.5,5.0,masc,F,mismatch
6,spill,1,268,268,268,0,subject-4,Aktivisten,Frauen,C2,False,wrong,wrong,2.5,5.0,masc,F,mismatch
7,rn,7,147,1475,13593,0,subject-4,Krankenpfleger,Männer,C1,False,wrong,correct,2.5,5.0,masc,M,match
7,an,1,161,161,161,0,subject-4,Krankenpfleger,Männer,C1,False,wrong,correct,2.5,5.0,masc,M,match
7,spill,1,201,201,201,0,subject-4,Krankenpfleger,Männer,C1,False,wrong,correct,2.5,5.0,masc,M,match
8,rn,8,267,1648,636,3,subject-4,Ingenieur*innen,Frauen,C6,False,wrong_gender,wrong,2.5,5.0,star,F,star
8,an,1,214,214,214,0,subject-4,Ingenieur*innen,Frauen,C6,False,wrong_gender,wrong,2.5,5.0,star,F,star
8,spill,1,213,213,213,0,subject-4,Ingenieur*innen,Frauen,C6,False,wrong_gender,wrong,2.5,5.0,star,F,star
9,rn,4,201,885,711,0,subject-4,Studentinnen,Frauen,C4,False,wrong,correct,2.5,5.0,fem,F,match
9,an,1,214,214,214,0,subject-4,Studentinnen,Frauen,C4,False,wrong,correct,2.5,5.0,fem,F,match
9,spill,4,241,936,241,2,subject-4,Studentinnen,Frauen,C4,False,wrong,correct,2.5,5.0,fem,F,match
10,rn,4,442,985,14416,0,subject-4,Dozent*innen,Frauen,C6,False,wrong_gender,wrong,2.5,5.0,star,F,star
10,an,1,147,147,147,0,subject-4,Dozent*innen,Frauen,C6,False,wrong_gender,wrong,2.5,5.0,star,F,star
10,spill,1,256,256,256,0,subject-4,Dozent*innen,Frauen,C6,False,wrong_gender,wrong,2.5,5.0,star,F,star
11,rn,4,141,790,690,1,subject-4,Pfleger*innen,Männer,C5,True,wrong,wrong,2.5,5.0,star,M,star
11,an,1,161,161,161,0,subject-4,Pfleger*innen,Männer,C5,True,wrong,wrong,2.5,5.0,star,M,star
11,spill,1,208,208,208,0,subject-4,Pfleger*innen,Männer,C5,True,wrong,wrong,2.5,5.0,star,M,star
12,rn,8,201,1540,555,2,subject-4,Arbeitnehmerinnen,Männer,C3,True,wrong,wrong,2.5,5.0,fem,M,mismatch
12,an,1,167,167,167,0,subject-4,Arbeitnehmerinnen,Männer,C3,True,wrong,wrong,2.5,5.0,fem,M,mismatch
12,spill,1,194,194,194,0,subject-4,Arbeitnehmerinnen,Männer,C3,True,wrong,wrong,2.5,5.0,fem,M,mismatch
13,rn,3,241,684,9994,0,subject-4,Ingenieure,Frauen,C2,False,wrong,wrong,2.5,5.0,masc,F,mismatch
13,an,1,227,227,227,0,subject-4,Ingenieure,Frauen,C2,False,wrong,wrong,2.5,5.0,masc,F,mismatch
13,spill,1,195,195,195,0,subject-4,Ingenieure,Frauen,C2,False,wrong,wrong,2.5,5.0,masc,F,mismatch
14,rn,1,161,161,161,0,subject-4,Experten,Männern,C1,True,wrong,wrong,2.5,5.0,masc,M,match
14,an,0,0,0,0,0,subject-4,Experten,Männern,C1,True,wrong,wrong,2.5,5.0,masc,M,match
14,spill,1,234,234,234,0,subject-4,Experten,Männern,C1,True,wrong,wrong,2.5,5.0,masc,M,match
15,rn,2,195,323,362,1,subject-4,Arbeitnehmer,Frauen,C2,False,wrong,wrong,2.5,5.0,masc,F,mismatch
15,an,1,175,175,175,0,subject-4,Arbeitnehmer,Frauen,C2,False,wrong,wrong,2.5,5.0,masc,F,mismatch
15,spill,1,201,201,201,0,subject-4,Arbeitnehmer,Frauen,C2,False,wrong,wrong,2.5,5.0,masc,F,mismatch
16,rn,2,276,403,13141,0,subject-4,Professor*innen,Frauen,C6,False,wrong,wrong,2.5,5.0,star,F,star
16,an,1,167,167,167,0,subject-4,Professor*innen,Frauen,C6,False,wrong,wrong,2.5,5.0,star,F,star
16,spill,0,0,0,0,0,subject-4,Professor*innen,Frauen,C6,False,wrong,wrong,2.5,5.0,star,F,star
17,rn,6,228,1120,423,2,subject-4,Expert*innen,Männer,C5,False,wrong,wrong,2.5,5.0,star,M,star
17,an,2,180,468,180,0,subject-4,Expert*innen,Männer,C5,False,wrong,wrong,2.5,5.0,star,M,star
17,spill,1,207,207,207,0,subject-4,Expert*innen,Männer,C5,False,wrong,wrong,2.5,5.0,star,M,star
0,rn,5,120,817,321,2,subject-5,Expert*innen,Frauen,C6,False,wrong,wrong,2.5,2.5,star,F,star
0,an,1,114,114,114,0,subject-5,Expert*innen,Frauen,C6,False,wrong,wrong,2.5,2.5,star,F,star
0,spill,3,221,630,335,0,subject-5,Expert*innen,Frauen,C6,False,wrong,wrong,2.5,2.5,star,F,star
1,rn,2,268,503,503,0,subject-5,Aktivistinnen,Männer,C3,True,wrong,wrong,2.5,2.5,fem,M,mismatch
1,an,0,0,0,0,0,subject-5,Aktivistinnen,Männer,C3,True,wrong,wrong,2.5,2.5,fem,M,mismatch
1,spill,2,141,456,825,0,subject-5,Aktivistinnen,Männer,C3,True,wrong,wrong,2.5,2.5,fem,M,mismatch
2,rn,2,315,449,710,1,subject-5,Einwohner*innen,Frauen,C6,False,wrong,wrong,2.5,2.5,star,F,star
2,an,0,0,0,0,0,subject-5,Einwohner*innen,Frauen,C6,False,wrong,wrong,2.5,2.5,star,F,star
2,spill,2,207,334,334,0,subject-5,Einwohner*innen,Frauen,C6,False,wrong,wrong,2.5,2.5,star,F,star
3,rn,7,167,1387,382,5,subject-5,Expert*innen,Männer,C5,False,wrong,wrong,2.5,2.5,star,M,star
3,an,2,121,302,121,0,subject-5,Expert*innen,Männer,C5,False,wrong,wrong,2.5,2.5,star,M,star
3,spill,0,0,0,0,0,subject-5,Expert*innen,Männer,C5,False,wrong,wrong,2.5,2.5,star,M,star
4,rn,4,161,751,17596,0,subject-5,Krankenpfleger,Frauen,C2,False,wrong,wrong,2.5,2.5,masc,F,mismatch
4,an,3,308,991,308,0,subject-5,Krankenpfleger,Frauen,C2,False,wrong,wrong,2.5,2.5,masc,F,mismatch
4,spill,2,107,314,1185,0,subject-5,Krankenpfleger,Frauen,C2,False,wrong,wrong,2.5,2.5,masc,F,mismatch
5,rn,2,108,255,349,1,subject-5,Experten,Frauen,C2,False,wrong,wrong,2.5,2.5,masc,F,mismatch
5,an,0,0,0,0,0,subject-5,Experten,Frauen,C2,False,wrong,wrong,2.5,2.5,masc,F,mismatch
5,spill,2,221,335,221,0,subject-5,Experten,Frauen,C2,False,wrong,wrong,2.5,2.5,masc,F,mismatch
6,rn,2,187,468,187,1,subject-5,Pfleger*innen,Frauen,C6,False,wrong,wrong,2.5,2.5,star,F,star
6,an,0,0,0,0,0,subject-5,Pfleger*innen,Frauen,C6,False,wrong,wrong,2.5,2.5,star,F,star
6,spill,1,275,275,275,0,subject-5,Pfleger*innen,Frauen,C6,False,wrong,wrong,2.5,2.5,star,F,star
7,rn,3,308,784,7792,0,subject-5,Ingenieurinnen,Männer,C3,False,wrong,wrong,2.5,2.5,fem,M,mismatch
7,an,1,221,221,576,0,subject-5,Ingenieurinnen,Männer,C3,False,wrong,wrong,2.5,2.5,fem,M,mismatch
7,spill,2,215,335,215,0,subject-5,Ingenieurinnen,Männer,C3,False,wrong,wrong,2.5,2.5,fem,M,mismatch
8,rn,3,235,510,235,2,subject-5,Unternehmer,Frauen,C2,True,wrong,wrong,2.5,2.5,masc,F,mismatch
8,an,1,228,228,496,0,subject-5,Unternehmer,Frauen,C2,True,wrong,wrong,2.5,2.5,masc,F,mismatch
8,spill,1,268,268,268,0,subject-5,Unternehmer,Frauen,C2,True,wrong,wrong,2.5,2.5,masc,F,mismatch
9,rn,3,227,535,227,2,subject-5,Ingenieure,Männer,C1,True,correct,wrong,2.5,2.5,masc,M,match
9,an,2,194,361,194,0,subject-5,Ingenieure,Männer,C1,True,correct,wrong,2.5,2.5,masc,M,match
9,spill,2,181,356,181,0,subject-5,Ingenieure,Männer,C1,True,correct,wrong,2.5,2.5,masc,M,match
10,rn,4,154,978,2746,0,subject-5,Dozenten,Männer,C1,False,correct,wrong,2.5,2.5,masc,M,match
10,an,0,0,0,0,0,subject-5,Dozenten,Männer,C1,False,correct,wrong,2.5,2.5,masc,M,match
10,spill,2,181,369,181,0,subject-5,Dozenten,Männer,C1,False,correct,wrong,2.5,2.5,masc,M,match
11,rn,11,147,2022,596,6,subject-5,Arbeitnehmerinnen,Männer,C3,False,wrong,wrong,2.5,2.5,fem,M,mismatch
11,an,0,0,0,0,0,subject-5,Arbeitnehmerinnen,Männer,C3,False,wrong,wrong,2.5,2.5,fem,M,mismatch
11,spill,3,255,623,255,2,subject-5,Arbeitnehmerinnen,Männer,C3,False,wrong,wrong,2.5,2.5,fem,M,mismatch
12,rn,3,167,636,5503,0,subject-5,Professoren,Männer,C1,False,correct,wrong,2.5,2.5,masc,M,match
12,an,2,214,415,214,0,subject-5,Professoren,Männer,C1,False,correct,wrong,2.5,2.5,masc,M,match
12,spill,2,187,321,187,1,subject-5,Professoren,Männer,C1,False,correct,wrong,2.5,2.5,masc,M,match
13,rn,8,80,1618,508,2,subject-5,Arbeitnehmerinnen,Frauen,C4,False,correct,wrong,2.5,2.5,fem,F,match
13,an,1,175,175,175,0,subject-5,Arbeitnehmerinnen,Frauen,C4,False,correct,wrong,2.5,2.5,fem,F,match
13,spill,2,195,390,195,0,subject-5,Arbeitnehmerinnen,Frauen,C4,False,correct,wrong,2.5,2.5,fem,F,match
14,rn,6,87,1065,462,3,subject-5,Einwohner*innen,Männern,C5,True,wrong,wrong,2.5,2.5,star,M,star
14,an,3,174,730,174,0,subject-5,Einwohner*innen,Männern,C5,True,wrong,wrong,2.5,2.5,star,M,star
14,spill,3,328,724,328,0,subject-5,Einwohner*innen,Männern,C5,True,wrong,wrong,2.5,2.5,star,M,star
15,rn,5,147,1161,282,0,subject-5,Student*innen,Männer,C5,False,wrong_gender,correct,2.5,2.5,star,M,star
15,an,2,214,415,214,0,subject-5,Student*innen,Männer,C5,False,wrong_gender,correct,2.5,2.5,star,M,star
15,spill,1,208,208,208,0,subject-5,Student*innen,Männer,C5,False,wrong_gender,correct,2.5,2.5,star,M,star
16,rn,4,181,631,490,1,subject-5,Polizistinnen,Frauen,C4,True,wrong_gender,wrong,2.5,2.5,fem,F,match
16,an,0,0,0,0,0,subject-5,Polizistinnen,Frauen,C4,True,wrong_gender,wrong,2.5,2.5,fem,F,match
16,spill,1,100,100,100,0,subject-5,Polizistinnen,Frauen,C4,True,wrong_gender,wrong,2.5,2.5,fem,F,match
17,rn,6,168,966,625,1,subject-5,Lehrerinnen,Frauen,C4,False,correct,wrong,2.5,2.5,fem,F,match
17,an,0,0,0,0,0,subject-5,Lehrerinnen,Frauen,C4,False,correct,wrong,2.5,2.5,fem,F,match
17,spill,1,167,167,167,0,subject-5,Lehrerinnen,Frauen,C4,False,correct,wrong,2.5,2.5,fem,F,match
0,rn,8,254,2290,549,2,subject-6,Unternehmerinnen,Männer,C3,False,wrong,wrong,2.5,4.5,fem,M,mismatch
0,an,3,201,730,201,0,subject-6,Unternehmerinnen,Männer,C3,False,wrong,wrong,2.5,4.5,fem,M,mismatch
0,spill,2,214,408,214,0,subject-6,Unternehmerinnen,Männer,C3,False,wrong,wrong,2.5,4.5,fem,M,mismatch
1,rn,4,121,763,6739,1,subject-6,Dozenten,Frauen,C2,False,wrong,wrong,2.5,4.5,masc,F,mismatch
1,an,1,288,288,556,0,subject-6,Dozenten,Frauen,C2,False,wrong,wrong,2.5,4.5,masc,F,mismatch
1,spill,2,389,744,389,0,subject-6,Dozenten,Frauen,C2,False,wrong,wrong,2.5,4.5,masc,F,mismatch
2,rn,8,195,1360,17009,1,subject-6,Ingenieurinnen,Frauen,C4,False,correct,correct,2.5,4.5,fem,F,match
2,an,2,174,409,174,0,subject-6,Ingenieurinnen,Frauen,C4,False,correct,correct,2.5,4.5,fem,F,match
2,spill,2,234,502,234,0,subject-6,Ingenieurinnen,Frauen,C4,False,correct,correct,2.5,4.5,fem,F,match
3,rn,7,181,1648,1428,1,subject-6,Aktivistinnen,Frauen,C4,False,correct,wrong,2.5,4.5,fem,F,match
3,an,2,288,449,288,0,subject-6,Aktivistinnen,Frauen,C4,False,correct,wrong,2.5,4.5,fem,F,match
3,spill,0,0,0,0,0,subject-6,Aktivistinnen,Frauen,C4,False,correct,wrong,2.5,4.5,fem,F,match
4,rn,12,220,3420,1795,3,subject-6,Lehrer*innen,Männer,C5,False,correct,wrong,2.5,4.5,star,M,star
4,an,2,194,442,428,0,subject-6,Lehrer*innen,Männer,C5,False,correct,wrong,2.5,4.5,star,M,star
4,spill,0,0,0,0,0,subject-6,Lehrer*innen,Männer,C5,False,correct,wrong,2.5,4.5,star,M,star
5,rn,6,328,1816,777,1,subject-6,Student*innen,Frauen,C6,False,correct,wrong,2.5,4.5,star,F,star
5,an,1,268,268,502,0,subject-6,Student*innen,Frauen,C6,False,correct,wrong,2.5,4.5,star,F,star
5,spill,6,214,1260,214,1,subject-6,Student*innen,Frauen,C6,False,correct,wrong,2.5,4.5,star,F,star
6,rn,6,723,2437,19824,1,subject-6,Professoren,Frauen,C2,False,correct,correct,2.5,4.5,masc,F,mismatch
6,an,1,281,281,281,0,subject-6,Professoren,Frauen,C2,False,correct,correct,2.5,4.5,masc,F,mismatch
6,spill,4,463,993,463,0,subject-6,Professoren,Frauen,C2,False,correct,correct,2.5,4.5,masc,F,mismatch
7,rn,10,341,2175,789,4,subject-6,Polizist*innen,Männer,C5,False,correct,correct,2.5,4.5,star,M,star
7,an,2,180,368,1017,1,subject-6,Polizist*innen,Männer,C5,False,correct,correct,2.5,4.5,star,M,star
7,spill,3,247,588,247,0,subject-6,Polizist*innen,Männer,C5,False,correct,correct,2.5,4.5,star,M,star
8,rn,8,180,2297,837,3,subject-6,Einwohner*innen,Frauen,C6,False,correct,correct,2.5,4.5,star,F,star
8,an,2,134,302,583,1,subject-6,Einwohner*innen,Frauen,C6,False,correct,correct,2.5,4.5,star,F,star
8,spill,4,195,804,195,1,subject-6,Einwohner*innen,Frauen,C6,False,correct,correct,2.5,4.5,star,F,star
9,rn,9,281,2713,804,2,subject-6,Arbeitnehmer*innen,Männer,C5,False,wrong,wrong,2.5,4.5,star,M,star
9,an,5,295,1200,295,2,subject-6,Arbeitnehmer*innen,Männer,C5,False,wrong,wrong,2.5,4.5,star,M,star
9,spill,2,187,368,602,0,subject-6,Arbeitnehmer*innen,Männer,C5,False,wrong,wrong,2.5,4.5,star,M,star
10,rn,2,315,563,12789,0,subject-6,Pfleger,Männer,C1,True,wrong_gender,wrong,2.5,4.5,masc,M,match
10,an,1,174,174,174,0,subject-6,Pfleger,Männer,C1,True,wrong_gender,wrong,2.5,4.5,masc,M,match
10,spill,1,174,174,174,0,subject-6,Pfleger,Männer,C1,True,wrong_gender,wrong,2.5,4.5,masc,M,match
11,rn,9,697,2244,21754,1,subject-6,Krankenschwestern,Männer,C3,False,correct,correct,2.5,4.5,fem,M,mismatch
11,an,2,154,368,154,0,subject-6,Krankenschwestern,Männer,C3,False,correct,correct,2.5,4.5,fem,M,mismatch
11,spill,1,543,543,543,0,subject-6,Krankenschwestern,Männer,C3,False,correct,correct,2.5,4.5,fem,M,mismatch
12,rn,8,341,2115,341,6,subject-6,Ingenieure,Frauen,C2,False,correct,correct,2.5,4.5,masc,F,mismatch
12,an,4,188,1004,188,0,subject-6,Ingenieure,Frauen,C2,False,correct,correct,2.5,4.5,masc,F,mismatch
12,spill,3,482,871,482,1,subject-6,Ingenieure,Frauen,C2,False,correct,correct,2.5,4.5,masc,F,mismatch
13,rn,9,241,2176,241,7,subject-6,Experten,Männer,C1,False,correct,wrong,2.5,4.5,masc,M,match
13,an,1,228,228,228,0,subject-6,Experten,Männer,C1,False,correct,wrong,2.5,4.5,masc,M,match
13,spill,5,201,992,201,1,subject-6,Experten,Männer,C1,False,correct,wrong,2.5,4.5,masc,M,match
14,rn,16,81,4319,617,8,subject-6,Arbeitnehmerinnen,Frauen,C4,False,correct,wrong,2.5,4.5,fem,F,match
14,an,4,201,966,201,1,subject-6,Arbeitnehmerinnen,Frauen,C4,False,correct,wrong,2.5,4.5,fem,F,match
14,spill,1,147,147,147,0,subject-6,Arbeitnehmerinnen,Frauen,C4,False,correct,wrong,2.5,4.5,fem,F,match
15,rn,7,181,1850,181,6,subject-6,Einwohner,Männer,C1,False,correct,correct,2.5,4.5,masc,M,match
15,an,4,208,684,208,1,subject-6,Einwohner,Männer,C1,False,correct,correct,2.5,4.5,masc,M,match
15,spill,2,268,395,1106,0,subject-6,Einwohner,Männer,C1,False,correct,correct,2.5,4.5,masc,M,match
16,rn,8,201,1877,201,4,subject-6,Expertinnen,Männern,C3,False,correct,correct,2.5,4.5,fem,M,mismatch
16,an,3,215,569,215,0,subject-6,Expertinnen,Männern,C3,False,correct,correct,2.5,4.5,fem,M,mismatch
16,spill,2,147,334,147,1,subject-6,Expertinnen,Männern,C3,False,correct,correct,2.5,4.5,fem,M,mismatch
17,rn,9,262,2111,450,5,subject-6,Expert*innen,Frauen,C6,False,wrong_gender,wrong,2.5,4.5,star,F,star
17,an,2,193,348,193,0,subject-6,Expert*innen,Frauen,C6,False,wrong_gender,wrong,2.5,4.5,star,F,star
17,spill,2,409,597,597,0,subject-6,Expert*innen,Frauen,C6,False,wrong_gender,wrong,2.5,4.5,star,F,star
0,rn,2,133,341,341,0,subject-7,Einwohner,Frauen,C2,True,wrong,wrong,4.0,4.5,masc,F,mismatch
0,an,2,227,401,227,0,subject-7,Einwohner,Frauen,C2,True,wrong,wrong,4.0,4.5,masc,F,mismatch
0,spill,3,248,597,248,0,subject-7,Einwohner,Frauen,C2,True,wrong,wrong,4.0,4.5,masc,F,mismatch
1,rn,2,140,328,328,0,subject-7,Einwohner,Männern,C1,False,wrong,wrong,4.0,4.5,masc,M,match
1,an,0,0,0,0,0,subject-7,Einwohner,Männern,C1,False,wrong,wrong,4.0,4.5,masc,M,match
1,spill,1,181,181,181,0,subject-7,Einwohner,Männern,C1,False,wrong,wrong,4.0,4.5,masc,M,match
2,rn,3,215,390,1606,0,subject-7,Lehrer*innen,Frauen,C6,False,wrong,wrong,4.0,4.5,star,F,star
2,an,3,160,569,160,1,subject-7,Lehrer*innen,Frauen,C6,False,wrong,wrong,4.0,4.5,star,F,star
2,spill,3,194,528,194,1,subject-7,Lehrer*innen,Frauen,C6,False,wrong,wrong,4.0,4.5,star,F,star
3,rn,8,214,1906,609,5,subject-7,Ingenieur*innen,Männer,C5,False,wrong,wrong,4.0,4.5,star,M,star
3,an,2,194,502,194,1,subject-7,Ingenieur*innen,Männer,C5,False,wrong,wrong,4.0,4.5,star,M,star
3,spill,4,248,796,248,3,subject-7,Ingenieur*innen,Männer,C5,False,wrong,wrong,4.0,4.5,star,M,star
4,rn,3,107,488,1826,0,subject-7,Polizist*innen,Frauen,C6,False,wrong,wrong,4.0,4.5,star,F,star
4,an,1,154,154,154,0,subject-7,Polizist*innen,Frauen,C6,False,wrong,wrong,4.0,4.5,star,F,star
4,spill,3,188,496,811,0,subject-7,Polizist*innen,Frauen,C6,False,wrong,wrong,4.0,4.5,star,F,star
5,rn,4,140,775,19313,0,subject-7,Professorinnen,Männer,C3,False,wrong,wrong,4.0,4.5,fem,M,mismatch
5,an,1,168,168,168,0,subject-7,Professorinnen,Männer,C3,False,wrong,wrong,4.0,4.5,fem,M,mismatch
5,spill,2,207,388,207,1,subject-7,Professorinnen,Männer,C3,False,wrong,wrong,4.0,4.5,fem,M,mismatch
6,rn,6,375,1633,502,2,subject-7,Ingenieurinnen,Männer,C3,False,wrong,wrong,4.0,4.5,fem,M,mismatch
6,an,2,207,395,207,0,subject-7,Ingenieurinnen,Männer,C3,False,wrong,wrong,4.0,4.5,fem,M,mismatch
6,spill,2,188,369,188,0,subject-7,Ingenieurinnen,Männer,C3,False,wrong,wrong,4.0,4.5,fem,M,mismatch
7,rn,3,422,750,516,1,subject-7,Arbeitnehmer*innen,Frauen,C6,False,wrong,wrong,4.0,4.5,star,F,star
7,an,1,167,167,167,0,subject-7,Arbeitnehmer*innen,Frauen,C6,False,wrong,wrong,4.0,4.5,star,F,star
7,spill,1,201,201,201,0,subject-7,Arbeitnehmer*innen,Frauen,C6,False,wrong,wrong,4.0,4.5,star,F,star
8,rn,1,281,281,8884,0,subject-7,Dozentinnen,Männer,C3,False,wrong,wrong,4.0,4.5,fem,M,mismatch
8,an,2,180,401,180,0,subject-7,Dozentinnen,Männer,C3,False,wrong,wrong,4.0,4.5,fem,M,mismatch
8,spill,1,167,167,167,0,subject-7,Dozentinnen,Männer,C3,False,wrong,wrong,4.0,4.5,fem,M,mismatch
10,rn,2,174,375,9530,0,subject-7,Krankenschwestern,Frauen,C4,False,wrong,wrong,4.0,4.5,fem,F,match
10,an,1,194,194,194,0,subject-7,Krankenschwestern,Frauen,C4,False,wrong,wrong,4.0,4.5,fem,F,match
10,spill,1,201,201,201,0,subject-7,Krankenschwestern,Frauen,C4,False,wrong,wrong,4.0,4.5,fem,F,match
11,rn,3,469,790,469,1,subject-7,Experten,Frauen,C2,False,wrong,wrong,4.0,4.5,masc,F,mismatch
11,an,1,228,228,228,0,subject-7,Experten,Frauen,C2,False,wrong,wrong,4.0,4.5,masc,F,mismatch
11,spill,1,168,168,168,0,subject-7,Experten,Frauen,C2,False,wrong,wrong,4.0,4.5,masc,F,mismatch
12,rn,3,208,603,375,1,subject-7,Experten,Männer,C1,False,wrong,wrong,4.0,4.5,masc,M,match
12,an,0,0,0,0,0,subject-7,Experten,Männer,C1,False,wrong,wrong,4.0,4.5,masc,M,match
12,spill,1,227,227,615,0,subject-7,Experten,Männer,C1,False,wrong,wrong,4.0,4.5,masc,M,match
13,rn,5,227,1017,227,1,subject-7,Studenten,Männer,C1,False,correct,wrong,4.0,4.5,masc,M,match
13,an,2,195,403,195,0,subject-7,Studenten,Männer,C1,False,correct,wrong,4.0,4.5,masc,M,match
13,spill,2,194,354,194,0,subject-7,Studenten,Männer,C1,False,correct,wrong,4.0,4.5,masc,M,match
14,rn,4,201,862,22646,0,subject-7,Pfleger,Frauen,C2,False,correct,wrong,4.0,4.5,masc,F,mismatch
14,an,3,161,556,161,0,subject-7,Pfleger,Frauen,C2,False,correct,wrong,4.0,4.5,masc,F,mismatch
14,spill,3,174,563,174,0,subject-7,Pfleger,Frauen,C2,False,correct,wrong,4.0,4.5,masc,F,mismatch
15,rn,13,321,3923,515,3,subject-7,Unternehmerinnen,Frauen,C4,False,wrong_gender,wrong,4.0,4.5,fem,F,match
15,an,2,227,455,227,0,subject-7,Unternehmerinnen,Frauen,C4,False,wrong_gender,wrong,4.0,4.5,fem,F,match
15,spill,2,294,475,294,0,subject-7,Unternehmerinnen,Frauen,C4,False,wrong_gender,wrong,4.0,4.5,fem,F,match
16,rn,11,207,2934,207,5,subject-7,Arbeitnehmer*innen,Männer,C5,False,wrong_gender,wrong,4.0,4.5,star,M,star
16,an,2,208,302,208,0,subject-7,Arbeitnehmer*innen,Männer,C5,False,wrong_gender,wrong,4.0,4.5,star,M,star
16,spill,3,141,489,141,0,subject-7,Arbeitnehmer*innen,Männer,C5,False,wrong_gender,wrong,4.0,4.5,star,M,star
17,rn,7,180,1607,2402,0,subject-7,Aktivist*innen,Männer,C5,False,wrong,wrong,4.0,4.5,star,M,star
17,an,2,161,375,161,0,subject-7,Aktivist*innen,Männer,C5,False,wrong,wrong,4.0,4.5,star,M,star
17,spill,3,201,669,201,0,subject-7,Aktivist*innen,Männer,C5,False,wrong,wrong,4.0,4.5,star,M,star
0,rn,2,107,301,107,1,subject-8,Einwohner,Frauen,C2,True,wrong,correct,2.0,2.0,masc,F,mismatch
0,an,5,160,836,307,1,subject-8,Einwohner,Frauen,C2,True,wrong,correct,2.0,2.0,masc,F,mismatch
0,spill,1,328,328,328,0,subject-8,Einwohner,Frauen,C2,True,wrong,correct,2.0,2.0,masc,F,mismatch
1,rn,0,0,0,0,0,subject-8,Aktivist*innen,Frauen,C6,True,wrong_gender,correct,2.0,2.0,star,F,star
1,an,2,228,361,228,0,subject-8,Aktivist*innen,Frauen,C6,True,wrong_gender,correct,2.0,2.0,star,F,star
1,spill,2,148,316,148,0,subject-8,Aktivist*innen,Frauen,C6,True,wrong_gender,correct,2.0,2.0,star,F,star
2,rn,0,0,0,0,0,subject-8,Professorinnen,Frauen,C4,False,wrong,correct,2.0,2.0,fem,F,match
2,an,2,168,363,168,0,subject-8,Professorinnen,Frauen,C4,False,wrong,correct,2.0,2.0,fem,F,match
2,spill,1,228,228,1038,0,subject-8,Professorinnen,Frauen,C4,False,wrong,correct,2.0,2.0,fem,F,match
4,rn,1,161,161,161,0,subject-8,Expertinnen,Männer,C3,False,correct,correct,2.0,2.0,fem,M,mismatch
4,an,4,161,697,161,1,subject-8,Expertinnen,Männer,C3,False,correct,correct,2.0,2.0,fem,M,mismatch
4,spill,5,214,1213,214,2,subject-8,Expertinnen,Männer,C3,False,correct,correct,2.0,2.0,fem,M,mismatch
5,rn,0,0,0,0,0,subject-8,Arbeitnehmer,Männer,C1,True,wrong,correct,2.0,2.0,masc,M,match
5,an,3,228,663,228,0,subject-8,Arbeitnehmer,Männer,C1,True,wrong,correct,2.0,2.0,masc,M,match
5,spill,3,221,609,221,1,subject-8,Arbeitnehmer,Männer,C1,True,wrong,correct,2.0,2.0,masc,M,match
6,rn,0,0,0,0,0,subject-8,Lehrer,Männer,C1,False,wrong,correct,2.0,2.0,masc,M,match
6,an,1,174,174,174,0,subject-8,Lehrer,Männer,C1,False,wrong,correct,2.0,2.0,masc,M,match
6,spill,1,207,207,669,0,subject-8,Lehrer,Männer,C1,False,wrong,correct,2.0,2.0,masc,M,match
7,rn,1,174,174,174,0,subject-8,Studenten,Frauen,C2,True,wrong,correct,2.0,2.0,masc,F,mismatch
7,an,2,154,395,341,0,subject-8,Studenten,Frauen,C2,True,wrong,correct,2.0,2.0,masc,F,mismatch
7,spill,5,201,844,201,0,subject-8,Studenten,Frauen,C2,True,wrong,correct,2.0,2.0,masc,F,mismatch
9,rn,8,395,2719,395,5,subject-8,Arbeitnehmer*innen,Frauen,C6,True,wrong,correct,2.0,2.0,star,F,star
9,an,13,201,2589,743,4,subject-8,Arbeitnehmer*innen,Frauen,C6,True,wrong,correct,2.0,2.0,star,F,star
9,spill,6,241,1332,241,2,subject-8,Arbeitnehmer*innen,Frauen,C6,True,wrong,correct,2.0,2.0,star,F,star
10,rn,1,408,408,408,0,subject-8,Pflegerinnen,Männer,C3,True,wrong,correct,2.0,2.0,fem,M,mismatch
10,an,6,221,1038,221,2,subject-8,Pflegerinnen,Männer,C3,True,wrong,correct,2.0,2.0,fem,M,mismatch
10,spill,3,207,843,207,1,subject-8,Pflegerinnen,Männer,C3,True,wrong,correct,2.0,2.0,fem,M,mismatch
11,rn,5,455,1152,455,3,subject-8,Unternehmer*innen,Männer,C5,False,correct,correct,2.0,2.0,star,M,star
11,an,1,160,160,160,0,subject-8,Unternehmer*innen,Männer,C5,False,correct,correct,2.0,2.0,star,M,star
11,spill,4,208,979,208,1,subject-8,Unternehmer*innen,Männer,C5,False,correct,correct,2.0,2.0,star,M,star
12,rn,3,174,588,328,1,subject-8,Krankenpfleger*innen,Männer,C5,True,wrong_gender,correct,2.0,2.0,star,M,star
12,an,1,154,154,1306,0,subject-8,Krankenpfleger*innen,Männer,C5,True,wrong_gender,correct,2.0,2.0,star,M,star
12,spill,2,194,335,194,0,subject-8,Krankenpfleger*innen,Männer,C5,True,wrong_gender,correct,2.0,2.0,star,M,star
13,rn,0,0,0,0,0,subject-8,Polizisten,Männer,C1,False,correct,correct,2.0,2.0,masc,M,match
13,an,1,181,181,181,0,subject-8,Polizisten,Männer,C1,False,correct,correct,2.0,2.0,masc,M,match
13,spill,3,154,490,154,0,subject-8,Polizisten,Männer,C1,False,correct,correct,2.0,2.0,masc,M,match
14,rn,4,449,1207,643,1,subject-8,Expert*innen,Männern,C5,False,correct,correct,2.0,2.0,star,M,star
14,an,2,201,376,201,0,subject-8,Expert*innen,Männern,C5,False,correct,correct,2.0,2.0,star,M,star
14,spill,1,335,335,335,0,subject-8,Expert*innen,Männern,C5,False,correct,correct,2.0,2.0,star,M,star
15,rn,0,0,0,0,0,subject-8,Dozentinnen,Frauen,C4,False,wrong_gender,wrong,2.0,2.0,fem,F,match
15,an,4,242,1007,242,2,subject-8,Dozentinnen,Frauen,C4,False,wrong_gender,wrong,2.0,2.0,fem,F,match
15,spill,2,235,409,235,1,subject-8,Dozentinnen,Frauen,C4,False,wrong_gender,wrong,2.0,2.0,fem,F,match
16,rn,3,167,495,167,1,subject-8,Ingenieur*innen,Frauen,C6,True,wrong,correct,2.0,2.0,star,F,star
16,an,2,100,295,100,0,subject-8,Ingenieur*innen,Frauen,C6,True,wrong,correct,2.0,2.0,star,F,star
16,spill,1,261,261,261,0,subject-8,Ingenieur*innen,Frauen,C6,True,wrong,correct,2.0,2.0,star,F,star
17,rn,0,0,0,0,0,subject-8,Experten,Frauen,C2,False,correct,correct,2.0,2.0,masc,F,mismatch
17,an,6,174,1018,174,1,subject-8,Experten,Frauen,C2,False,correct,correct,2.0,2.0,masc,F,mismatch
17,spill,3,241,710,241,1,subject-8,Experten,Frauen,C2,False,correct,correct,2.0,2.0,masc,F,mismatch
0,rn,4,121,884,321,1,subject-10,Arbeitnehmerinnen,Männer,C3,False,wrong,correct,2.5,3.5,fem,M,mismatch
0,an,2,147,300,147,1,subject-10,Arbeitnehmerinnen,Männer,C3,False,wrong,correct,2.5,3.5,fem,M,mismatch
0,spill,1,201,201,662,0,subject-10,Arbeitnehmerinnen,Männer,C3,False,wrong,correct,2.5,3.5,fem,M,mismatch
1,rn,3,168,683,409,1,subject-10,Pfleger*innen,Männer,C5,False,correct,wrong,2.5,3.5,star,M,star
1,an,3,147,529,147,1,subject-10,Pfleger*innen,Männer,C5,False,correct,wrong,2.5,3.5,star,M,star
1,spill,2,168,356,168,0,subject-10,Pfleger*innen,Männer,C5,False,correct,wrong,2.5,3.5,star,M,star
2,rn,2,121,288,288,0,subject-10,Experten,Männern,C1,False,wrong,wrong,2.5,3.5,masc,M,match
2,an,2,154,388,154,0,subject-10,Experten,Männern,C1,False,wrong,wrong,2.5,3.5,masc,M,match
2,spill,1,175,175,175,0,subject-10,Experten,Männern,C1,False,wrong,wrong,2.5,3.5,masc,M,match
3,rn,5,241,1218,241,4,subject-10,Einwohnerinnen,Frauen,C4,True,wrong,wrong,2.5,3.5,fem,F,match
3,an,2,288,435,288,0,subject-10,Einwohnerinnen,Frauen,C4,True,wrong,wrong,2.5,3.5,fem,F,match
3,spill,3,194,591,194,0,subject-10,Einwohnerinnen,Frauen,C4,True,wrong,wrong,2.5,3.5,fem,F,match
4,rn,6,201,1178,11811,0,subject-10,Professor*innen,Frauen,C6,False,wrong_gender,correct,2.5,3.5,star,F,star
4,an,2,107,301,107,0,subject-10,Professor*innen,Frauen,C6,False,wrong_gender,correct,2.5,3.5,star,F,star
4,spill,0,0,0,0,0,subject-10,Professor*innen,Frauen,C6,False,wrong_gender,correct,2.5,3.5,star,F,star
5,rn,5,254,998,254,3,subject-10,Expert*innen,Männer,C5,False,wrong,correct,2.5,3.5,star,M,star
5,an,0,0,0,0,0,subject-10,Expert*innen,Männer,C5,False,wrong,correct,2.5,3.5,star,M,star
5,spill,2,181,362,181,0,subject-10,Expert*innen,Männer,C5,False,wrong,correct,2.5,3.5,star,M,star
6,rn,4,221,951,10987,0,subject-10,Krankenpfleger,Männer,C1,False,correct,wrong,2.5,3.5,masc,M,match
6,an,1,168,168,168,0,subject-10,Krankenpfleger,Männer,C1,False,correct,wrong,2.5,3.5,masc,M,match
6,spill,0,0,0,0,0,subject-10,Krankenpfleger,Männer,C1,False,correct,wrong,2.5,3.5,masc,M,match
7,rn,6,154,1138,11957,0,subject-10,Dozent*innen,Frauen,C6,True,correct,correct,2.5,3.5,star,F,star
7,an,0,0,0,0,0,subject-10,Dozent*innen,Frauen,C6,True,correct,correct,2.5,3.5,star,F,star
7,spill,2,155,389,155,1,subject-10,Dozent*innen,Frauen,C6,True,correct,correct,2.5,3.5,star,F,star
8,rn,5,155,932,296,2,subject-10,Ingenieur*innen,Frauen,C6,True,correct,wrong,2.5,3.5,star,F,star
8,an,1,134,134,134,0,subject-10,Ingenieur*innen,Frauen,C6,True,correct,wrong,2.5,3.5,star,F,star
8,spill,1,114,114,114,0,subject-10,Ingenieur*innen,Frauen,C6,True,correct,wrong,2.5,3.5,star,F,star
9,rn,8,161,1850,161,0,subject-10,Studentinnen,Frauen,C4,True,correct,wrong,2.5,3.5,fem,F,match
9,an,1,187,187,308,0,subject-10,Studentinnen,Frauen,C4,True,correct,wrong,2.5,3.5,fem,F,match
9,spill,2,215,463,215,0,subject-10,Studentinnen,Frauen,C4,True,correct,wrong,2.5,3.5,fem,F,match
10,rn,6,207,1380,696,1,subject-10,Lehrerinnen,Männer,C3,False,correct,correct,2.5,3.5,fem,M,mismatch
10,an,1,261,261,590,0,subject-10,Lehrerinnen,Männer,C3,False,correct,correct,2.5,3.5,fem,M,mismatch
10,spill,1,174,174,174,0,subject-10,Lehrerinnen,Männer,C3,False,correct,correct,2.5,3.5,fem,M,mismatch
11,rn,4,107,644,107,1,subject-10,Polizistinnen,Männer,C3,False,correct,correct,2.5,3.5,fem,M,mismatch
11,an,2,154,342,154,1,subject-10,Polizistinnen,Männer,C3,False,correct,correct,2.5,3.5,fem,M,mismatch
11,spill,2,261,415,603,0,subject-10,Polizistinnen,Männer,C3,False,correct,correct,2.5,3.5,fem,M,mismatch
12,rn,7,167,1459,314,1,subject-10,Aktivisten,Frauen,C2,False,correct,wrong,2.5,3.5,masc,F,mismatch
12,an,3,201,529,395,0,subject-10,Aktivisten,Frauen,C2,False,correct,wrong,2.5,3.5,masc,F,mismatch
12,spill,2,147,308,147,0,subject-10,Aktivisten,Frauen,C2,False,correct,wrong,2.5,3.5,masc,F,mismatch
13,rn,6,241,1106,241,4,subject-10,Expertinnen,Frauen,C4,False,correct,wrong,2.5,3.5,fem,F,match
13,an,2,181,342,181,1,subject-10,Expertinnen,Frauen,C4,False,correct,wrong,2.5,3.5,fem,F,match
13,spill,1,141,141,141,0,subject-10,Expertinnen,Frauen,C4,False,correct,wrong,2.5,3.5,fem,F,match
14,rn,6,128,1427,289,3,subject-10,Arbeitnehmer,Frauen,C2,False,correct,wrong,2.5,3.5,masc,F,mismatch
14,an,1,228,228,228,0,subject-10,Arbeitnehmer,Frauen,C2,False,correct,wrong,2.5,3.5,masc,F,mismatch
14,spill,1,175,175,175,0,subject-10,Arbeitnehmer,Frauen,C2,False,correct,wrong,2.5,3.5,masc,F,mismatch
15,rn,6,134,999,328,3,subject-10,Einwohner*innen,Männer,C5,True,wrong,wrong,2.5,3.5,star,M,star
15,an,1,127,127,127,0,subject-10,Einwohner*innen,Männer,C5,True,wrong,wrong,2.5,3.5,star,M,star
15,spill,1,167,167,167,0,subject-10,Einwohner*innen,Männer,C5,True,wrong,wrong,2.5,3.5,star,M,star
16,rn,3,354,668,354,2,subject-10,Unternehmer,Männer,C1,False,wrong,wrong,2.5,3.5,masc,M,match
16,an,2,134,315,134,0,subject-10,Unternehmer,Männer,C1,False,wrong,wrong,2.5,3.5,masc,M,match
16,spill,2,180,327,1192,0,subject-10,Unternehmer,Männer,C1,False,wrong,wrong,2.5,3.5,masc,M,match
17,rn,2,168,322,4615,0,subject-10,Ingenieure,Frauen,C2,False,correct,wrong,2.5,3.5,masc,F,mismatch
17,an,0,0,0,0,0,subject-10,Ingenieure,Frauen,C2,False,correct,wrong,2.5,3.5,masc,F,mismatch
17,spill,1,127,127,127,0,subject-10,Ingenieure,Frauen,C2,False,correct,wrong,2.5,3.5,masc,F,mismatch
0,rn,4,114,798,402,1,subject-11,Expert*innen,Frauen,C6,False,wrong,correct,1.5,3.5,star,F,star
0,an,2,268,489,268,1,subject-11,Expert*innen,Frauen,C6,False,wrong,correct,1.5,3.5,star,F,star
0,spill,2,348,676,897,0,subject-11,Expert*innen,Frauen,C6,False,wrong,correct,1.5,3.5,star,F,star
1,rn,3,155,717,375,1,subject-11,Ingenieure,Männer,C1,False,wrong,wrong,1.5,3.5,masc,M,match
1,an,2,275,429,361,1,subject-11,Ingenieure,Männer,C1,False,wrong,wrong,1.5,3.5,masc,M,match
1,spill,1,268,268,422,0,subject-11,Ingenieure,Männer,C1,False,wrong,wrong,1.5,3.5,masc,M,match
2,rn,7,302,1802,590,3,subject-11,Arbeitnehmerinnen,Männer,C3,False,wrong,correct,1.5,3.5,fem,M,mismatch
2,an,2,161,569,911,0,subject-11,Arbeitnehmerinnen,Männer,C3,False,wrong,correct,1.5,3.5,fem,M,mismatch
2,spill,1,389,389,389,0,subject-11,Arbeitnehmerinnen,Männer,C3,False,wrong,correct,1.5,3.5,fem,M,mismatch
3,rn,3,148,737,737,0,subject-11,Arbeitnehmerinnen,Frauen,C4,False,wrong,correct,1.5,3.5,fem,F,match
3,an,1,241,241,589,0,subject-11,Arbeitnehmerinnen,Frauen,C4,False,wrong,correct,1.5,3.5,fem,F,match
3,spill,1,663,663,663,0,subject-11,Arbeitnehmerinnen,Frauen,C4,False,wrong,correct,1.5,3.5,fem,F,match
4,rn,5,301,1479,569,2,subject-11,Aktivistinnen,Männer,C3,False,wrong,wrong,1.5,3.5,fem,M,mismatch
4,an,1,221,221,221,0,subject-11,Aktivistinnen,Männer,C3,False,wrong,wrong,1.5,3.5,fem,M,mismatch
4,spill,1,181,181,1138,0,subject-11,Aktivistinnen,Männer,C3,False,wrong,wrong,1.5,3.5,fem,M,mismatch
5,rn,4,133,688,776,2,subject-11,Experten,Frauen,C2,True,wrong,wrong,1.5,3.5,masc,F,mismatch
5,an,2,308,482,308,1,subject-11,Experten,Frauen,C2,True,wrong,wrong,1.5,3.5,masc,F,mismatch
5,spill,1,275,275,275,0,subject-11,Experten,Frauen,C2,True,wrong,wrong,1.5,3.5,masc,F,mismatch
6,rn,7,120,1352,502,3,subject-11,Einwohner*innen,Männern,C5,False,wrong,correct,1.5,3.5,star,M,star
6,an,4,161,831,919,1,subject-11,Einwohner*innen,Männern,C5,False,wrong,correct,1.5,3.5,star,M,star
6,spill,4,268,925,1026,0,subject-11,Einwohner*innen,Männern,C5,False,wrong,correct,1.5,3.5,star,M,star
7,rn,8,167,2204,1231,1,subject-11,Polizistinnen,Frauen,C4,True,correct,wrong,1.5,3.5,fem,F,match
7,an,2,309,536,309,1,subject-11,Polizistinnen,Frauen,C4,True,correct,wrong,1.5,3.5,fem,F,match
7,spill,2,187,818,1045,0,subject-11,Polizistinnen,Frauen,C4,True,correct,wrong,1.5,3.5,fem,F,match
8,rn,2,308,435,5672,0,subject-11,Professoren,Männer,C1,False,correct,wrong,1.5,3.5,masc,M,match
8,an,1,241,241,241,0,subject-11,Professoren,Männer,C1,False,correct,wrong,1.5,3.5,masc,M,match
8,spill,1,281,281,281,0,subject-11,Professoren,Männer,C1,False,correct,wrong,1.5,3.5,masc,M,match
9,rn,4,95,790,556,1,subject-11,Expert*innen,Männer,C5,False,wrong,wrong,1.5,3.5,star,M,star
9,an,3,168,629,992,1,subject-11,Expert*innen,Männer,C5,False,wrong,wrong,1.5,3.5,star,M,star
9,spill,4,235,964,235,1,subject-11,Expert*innen,Männer,C5,False,wrong,wrong,1.5,3.5,star,M,star
10,rn,1,160,160,14880,0,subject-11,Ingenieurinnen,Männer,C3,True,wrong,wrong,1.5,3.5,fem,M,mismatch
10,an,3,215,1185,1005,2,subject-11,Ingenieurinnen,Männer,C3,True,wrong,wrong,1.5,3.5,fem,M,mismatch
10,spill,2,307,522,1024,0,subject-11,Ingenieurinnen,Männer,C3,True,wrong,wrong,1.5,3.5,fem,M,mismatch
11,rn,1,569,569,4369,0,subject-11,Dozenten,Männer,C1,False,wrong,wrong,1.5,3.5,masc,M,match
11,an,1,147,147,682,0,subject-11,Dozenten,Männer,C1,False,wrong,wrong,1.5,3.5,masc,M,match
11,spill,1,261,261,261,0,subject-11,Dozenten,Männer,C1,False,wrong,wrong,1.5,3.5,masc,M,match
12,rn,6,289,1510,14147,0,subject-11,Krankenpfleger,Frauen,C2,True,wrong,wrong,1.5,3.5,masc,F,mismatch
12,an,1,288,288,288,0,subject-11,Krankenpfleger,Frauen,C2,True,wrong,wrong,1.5,3.5,masc,F,mismatch
12,spill,1,221,221,221,0,subject-11,Krankenpfleger,Frauen,C2,True,wrong,wrong,1.5,3.5,masc,F,mismatch
13,rn,4,242,1085,409,1,subject-11,Unternehmer,Frauen,C2,False,wrong,wrong,1.5,3.5,masc,F,mismatch
13,an,2,201,402,201,0,subject-11,Unternehmer,Frauen,C2,False,wrong,wrong,1.5,3.5,masc,F,mismatch
13,spill,2,229,430,229,0,subject-11,Unternehmer,Frauen,C2,False,wrong,wrong,1.5,3.5,masc,F,mismatch
14,rn,6,315,1606,824,0,subject-11,Student*innen,Männer,C5,False,wrong_gender,correct,1.5,3.5,star,M,star
14,an,1,301,301,301,0,subject-11,Student*innen,Männer,C5,False,wrong_gender,correct,1.5,3.5,star,M,star
14,spill,3,207,575,207,0,subject-11,Student*innen,Männer,C5,False,wrong_gender,correct,1.5,3.5,star,M,star
15,rn,4,261,1031,703,1,subject-11,Einwohner*innen,Frauen,C6,True,wrong,correct,1.5,3.5,star,F,star
15,an,2,195,396,396,0,subject-11,Einwohner*innen,Frauen,C6,True,wrong,correct,1.5,3.5,star,F,star
15,spill,2,155,463,631,0,subject-11,Einwohner*innen,Frauen,C6,True,wrong,correct,1.5,3.5,star,F,star
16,rn,3,268,704,268,0,subject-11,Lehrerinnen,Frauen,C4,False,wrong,correct,1.5,3.5,fem,F,match
16,an,0,0,0,0,0,subject-11,Lehrerinnen,Frauen,C4,False,wrong,correct,1.5,3.5,fem,F,match
16,spill,3,255,643,643,0,subject-11,Lehrerinnen,Frauen,C4,False,wrong,correct,1.5,3.5,fem,F,match
17,rn,6,247,1393,395,2,subject-11,Pfleger*innen,Frauen,C6,False,wrong_gender,wrong,1.5,3.5,star,F,star
17,an,2,188,463,188,0,subject-11,Pfleger*innen,Frauen,C6,False,wrong_gender,wrong,1.5,3.5,star,F,star
17,spill,1,215,215,215,0,subject-11,Pfleger*innen,Frauen,C6,False,wrong_gender,wrong,1.5,3.5,star,F,star
0,rn,1,161,161,3188,0,subject-12,Dozenten,Frauen,C2,True,wrong,wrong,3.5,3.0,masc,F,mismatch
0,an,1,214,214,214,0,subject-12,Dozenten,Frauen,C2,True,wrong,wrong,3.5,3.0,masc,F,mismatch
0,spill,1,214,214,214,0,subject-12,Dozenten,Frauen,C2,True,wrong,wrong,3.5,3.0,masc,F,mismatch
1,rn,4,248,838,8244,0,subject-12,Pfleger,Männer,C1,False,wrong,wrong,3.5,3.0,masc,M,match
1,an,1,208,208,208,0,subject-12,Pfleger,Männer,C1,False,wrong,wrong,3.5,3.0,masc,M,match
1,spill,1,255,255,255,0,subject-12,Pfleger,Männer,C1,False,wrong,wrong,3.5,3.0,masc,M,match
2,rn,7,147,1801,729,2,subject-12,Einwohner*innen,Frauen,C6,True,wrong,wrong,3.5,3.0,star,F,star
2,an,2,255,462,255,0,subject-12,Einwohner*innen,Frauen,C6,True,wrong,wrong,3.5,3.0,star,F,star
2,spill,2,80,475,1442,0,subject-12,Einwohner*innen,Frauen,C6,True,wrong,wrong,3.5,3.0,star,F,star
3,rn,4,114,576,496,1,subject-12,Expert*innen,Frauen,C6,False,wrong,wrong,3.5,3.0,star,F,star
3,an,0,0,0,0,0,subject-12,Expert*innen,Frauen,C6,False,wrong,wrong,3.5,3.0,star,F,star
3,spill,1,195,195,195,0,subject-12,Expert*innen,Frauen,C6,False,wrong,wrong,3.5,3.0,star,F,star
4,rn,1,255,255,510,0,subject-12,Expertinnen,Männern,C3,False,wrong,wrong,3.5,3.0,fem,M,mismatch
4,an,2,449,791,449,0,subject-12,Expertinnen,Männern,C3,False,wrong,wrong,3.5,3.0,fem,M,mismatch
4,spill,3,362,870,362,0,subject-12,Expertinnen,Männern,C3,False,wrong,wrong,3.5,3.0,fem,M,mismatch
5,rn,2,154,435,435,0,subject-12,Aktivistinnen,Frauen,C4,False,wrong,wrong,3.5,3.0,fem,F,match
5,an,2,81,288,81,0,subject-12,Aktivistinnen,Frauen,C4,False,wrong,wrong,3.5,3.0,fem,F,match
5,spill,1,321,321,321,0,subject-12,Aktivistinnen,Frauen,C4,False,wrong,wrong,3.5,3.0,fem,F,match
6,rn,6,154,1140,992,2,subject-12,Unternehmerinnen,Männer,C3,True,wrong,wrong,3.5,3.0,fem,M,mismatch
6,an,2,200,394,200,0,subject-12,Unternehmerinnen,Männer,C3,True,wrong,wrong,3.5,3.0,fem,M,mismatch
6,spill,3,315,657,315,0,subject-12,Unternehmerinnen,Männer,C3,True,wrong,wrong,3.5,3.0,fem,M,mismatch
7,rn,4,274,1018,515,2,subject-12,Lehrer*innen,Männer,C5,False,wrong,wrong,3.5,3.0,star,M,star
7,an,4,121,731,121,0,subject-12,Lehrer*innen,Männer,C5,False,wrong,wrong,3.5,3.0,star,M,star
7,spill,3,221,676,221,1,subject-12,Lehrer*innen,Männer,C5,False,wrong,wrong,3.5,3.0,star,M,star
8,rn,5,255,1078,790,1,subject-12,Arbeitnehmer*innen,Männer,C5,True,wrong,wrong,3.5,3.0,star,M,star
8,an,2,174,275,174,0,subject-12,Arbeitnehmer*innen,Männer,C5,True,wrong,wrong,3.5,3.0,star,M,star
8,spill,4,221,732,362,0,subject-12,Arbeitnehmer*innen,Männer,C5,True,wrong,wrong,3.5,3.0,star,M,star
9,rn,3,134,743,489,1,subject-12,Experten,Männer,C1,False,wrong,wrong,3.5,3.0,masc,M,match
9,an,1,221,221,221,0,subject-12,Experten,Männer,C1,False,wrong,wrong,3.5,3.0,masc,M,match
9,spill,0,0,0,0,0,subject-12,Experten,Männer,C1,False,wrong,wrong,3.5,3.0,masc,M,match
10,rn,4,188,758,544,1,subject-12,Ingenieurinnen,Frauen,C4,False,wrong,wrong,3.5,3.0,fem,F,match
10,an,1,228,228,228,0,subject-12,Ingenieurinnen,Frauen,C4,False,wrong,wrong,3.5,3.0,fem,F,match
10,spill,2,208,389,208,1,subject-12,Ingenieurinnen,Frauen,C4,False,wrong,wrong,3.5,3.0,fem,F,match
11,rn,0,0,0,0,0,subject-12,Student*innen,Frauen,C6,False,wrong,wrong,3.5,3.0,star,F,star
11,an,1,275,275,462,0,subject-12,Student*innen,Frauen,C6,False,wrong,wrong,3.5,3.0,star,F,star
11,spill,0,0,0,0,0,subject-12,Student*innen,Frauen,C6,False,wrong,wrong,3.5,3.0,star,F,star
12,rn,4,227,1191,227,3,subject-12,Einwohner,Männer,C1,False,wrong,wrong,3.5,3.0,masc,M,match
12,an,1,207,207,207,0,subject-12,Einwohner,Männer,C1,False,wrong,wrong,3.5,3.0,masc,M,match
12,spill,4,489,1006,1006,0,subject-12,Einwohner,Männer,C1,False,wrong,wrong,3.5,3.0,masc,M,match
13,rn,4,208,731,570,1,subject-12,Polizist*innen,Männer,C5,False,wrong,wrong,3.5,3.0,star,M,star
13,an,3,194,575,328,1,subject-12,Polizist*innen,Männer,C5,False,wrong,wrong,3.5,3.0,star,M,star
13,spill,3,194,509,582,0,subject-12,Polizist*innen,Männer,C5,False,wrong,wrong,3.5,3.0,star,M,star
14,rn,5,208,1192,10726,0,subject-12,Krankenschwestern,Männer,C3,True,wrong,wrong,3.5,3.0,fem,M,mismatch
14,an,3,221,697,221,2,subject-12,Krankenschwestern,Männer,C3,True,wrong,wrong,3.5,3.0,fem,M,mismatch
14,spill,3,161,535,308,1,subject-12,Krankenschwestern,Männer,C3,True,wrong,wrong,3.5,3.0,fem,M,mismatch
15,rn,8,134,1536,710,3,subject-12,Arbeitnehmerinnen,Frauen,C4,True,wrong,wrong,3.5,3.0,fem,F,match
15,an,2,174,342,1521,0,subject-12,Arbeitnehmerinnen,Frauen,C4,True,wrong,wrong,3.5,3.0,fem,F,match
15,spill,1,94,94,94,0,subject-12,Arbeitnehmerinnen,Frauen,C4,True,wrong,wrong,3.5,3.0,fem,F,match
16,rn,6,415,1696,865,3,subject-12,Ingenieure,Frauen,C2,True,wrong,wrong,3.5,3.0,masc,F,mismatch
16,an,2,255,463,255,1,subject-12,Ingenieure,Frauen,C2,True,wrong,wrong,3.5,3.0,masc,F,mismatch
16,spill,2,268,435,898,0,subject-12,Ingenieure,Frauen,C2,True,wrong,wrong,3.5,3.0,masc,F,mismatch
17,rn,3,195,664,2042,0,subject-12,Professoren,Frauen,C2,False,wrong,wrong,3.5,3.0,masc,F,mismatch
17,an,3,114,623,342,0,subject-12,Professoren,Frauen,C2,False,wrong,wrong,3.5,3.0,masc,F,mismatch
17,spill,3,80,522,388,0,subject-12,Professoren,Frauen,C2,False,wrong,wrong,3.5,3.0,masc,F,mismatch
0,rn,3,134,482,328,1,subject-13,Einwohnerinnen,Männern,C3,False,wrong,wrong,3.0,3.0,fem,M,mismatch
0,an,2,195,376,376,0,subject-13,Einwohnerinnen,Männern,C3,False,wrong,wrong,3.0,3.0,fem,M,mismatch
0,spill,1,308,308,308,0,subject-13,Einwohnerinnen,Männern,C3,False,wrong,wrong,3.0,3.0,fem,M,mismatch
1,rn,5,101,932,16284,0,subject-13,Professor*innen,Männer,C5,False,wrong,wrong,3.0,3.0,star,M,star
1,an,2,248,328,248,0,subject-13,Professor*innen,Männer,C5,False,wrong,wrong,3.0,3.0,star,M,star
1,spill,1,328,328,328,0,subject-13,Professor*innen,Männer,C5,False,wrong,wrong,3.0,3.0,star,M,star
2,rn,5,263,1087,263,1,subject-13,Polizisten,Frauen,C2,True,correct,correct,3.0,3.0,masc,F,mismatch
2,an,2,281,509,281,1,subject-13,Polizisten,Frauen,C2,True,correct,correct,3.0,3.0,masc,F,mismatch
2,spill,2,221,375,221,0,subject-13,Polizisten,Frauen,C2,True,correct,correct,3.0,3.0,masc,F,mismatch
3,rn,1,281,281,281,0,subject-13,Expertinnen,Frauen,C4,False,wrong,wrong,3.0,3.0,fem,F,match
3,an,1,207,207,207,0,subject-13,Expertinnen,Frauen,C4,False,wrong,wrong,3.0,3.0,fem,F,match
3,spill,1,201,201,201,0,subject-13,Expertinnen,Frauen,C4,False,wrong,wrong,3.0,3.0,fem,F,match
4,rn,3,321,837,11605,0,subject-13,Dozent*innen,Männer,C5,False,wrong,wrong,3.0,3.0,star,M,star
4,an,1,167,167,167,0,subject-13,Dozent*innen,Männer,C5,False,wrong,wrong,3.0,3.0,star,M,star
4,spill,1,228,228,228,0,subject-13,Dozent*innen,Männer,C5,False,wrong,wrong,3.0,3.0,star,M,star
5,rn,3,328,864,549,1,subject-13,Krankenpfleger*innen,Frauen,C6,False,wrong,correct,3.0,3.0,star,F,star
5,an,1,235,235,235,0,subject-13,Krankenpfleger*innen,Frauen,C6,False,wrong,correct,3.0,3.0,star,F,star
5,spill,1,214,214,214,0,subject-13,Krankenpfleger*innen,Frauen,C6,False,wrong,correct,3.0,3.0,star,F,star
6,rn,1,274,274,274,0,subject-13,Pflegerinnen,Frauen,C4,False,wrong_gender,correct,3.0,3.0,fem,F,match
6,an,1,234,234,234,0,subject-13,Pflegerinnen,Frauen,C4,False,wrong_gender,correct,3.0,3.0,fem,F,match
6,spill,0,0,0,0,0,subject-13,Pflegerinnen,Frauen,C4,False,wrong_gender,correct,3.0,3.0,fem,F,match
7,rn,1,221,221,221,0,subject-13,Expertinnen,Männer,C3,False,wrong,wrong,3.0,3.0,fem,M,mismatch
7,an,1,220,220,220,0,subject-13,Expertinnen,Männer,C3,False,wrong,wrong,3.0,3.0,fem,M,mismatch
7,spill,1,275,275,275,0,subject-13,Expertinnen,Männer,C3,False,wrong,wrong,3.0,3.0,fem,M,mismatch
8,rn,3,261,984,261,1,subject-13,Aktivisten,Männer,C1,False,wrong,correct,3.0,3.0,masc,M,match
8,an,1,234,234,234,0,subject-13,Aktivisten,Männer,C1,False,wrong,correct,3.0,3.0,masc,M,match
8,spill,1,208,208,208,0,subject-13,Aktivisten,Männer,C1,False,wrong,correct,3.0,3.0,masc,M,match
14,rn,0,0,0,0,0,subject-13,Einwohnerinnen,Frauen,C4,False,wrong,wrong,3.0,3.0,fem,F,match
14,an,0,0,0,0,0,subject-13,Einwohnerinnen,Frauen,C4,False,wrong,wrong,3.0,3.0,fem,F,match
14,spill,0,0,0,0,0,subject-13,Einwohnerinnen,Frauen,C4,False,wrong,wrong,3.0,3.0,fem,F,match
16,rn,0,0,0,0,0,subject-13,Ingenieur*innen,Männer,C5,False,wrong_gender,wrong,3.0,3.0,star,M,star
16,an,0,0,0,0,0,subject-13,Ingenieur*innen,Männer,C5,False,wrong_gender,wrong,3.0,3.0,star,M,star
16,spill,0,0,0,0,0,subject-13,Ingenieur*innen,Männer,C5,False,wrong_gender,wrong,3.0,3.0,star,M,star
17,rn,0,0,0,0,0,subject-13,Arbeitnehmer,Frauen,C2,False,correct,correct,3.0,3.0,masc,F,mismatch
17,an,1,247,247,247,0,subject-13,Arbeitnehmer,Frauen,C2,False,correct,correct,3.0,3.0,masc,F,mismatch
17,spill,0,0,0,0,0,subject-13,Arbeitnehmer,Frauen,C2,False,correct,correct,3.0,3.0,masc,F,mismatch
